<?xml version="1.0" encoding="UTF-8" ?>
<!DOCTYPE mapper PUBLIC "-//mybatis.org//DTD Mapper 3.0//EN" "http://mybatis.org/dtd/mybatis-3-mapper.dtd" >
<mapper namespace="com.json.web.dao.CarCityMapper" >
  <resultMap id="BaseResultMap" type="com.json.web.entity.CarCity" >
   
    <id column="city_id" property="cityId" jdbcType="INTEGER" />
    <result column="city_name" property="cityName" jdbcType="VARCHAR" />
    <result column="city_code" property="cityCode" jdbcType="VARCHAR" />
    <result column="abbr" property="abbr" jdbcType="VARCHAR" />
    <result column="engine_num" property="engineNum" jdbcType="VARCHAR" />
    <result column="engineno_num" property="enginenoNum" jdbcType="VARCHAR" />
    <result column="class_num" property="classNum" jdbcType="VARCHAR" />
    <result column="classno_num" property="classnoNum" jdbcType="VARCHAR" />
    <result column="regist_num" property="registNum" jdbcType="VARCHAR" />
    <result column="registno_num" property="registnoNum" jdbcType="INTEGER" />
    <result column="create_time" property="createTime" jdbcType="TIMESTAMP" />
    <result column="update_time" property="updateTime" jdbcType="TIMESTAMP" />
  </resultMap>

  

  
 <select id="findAll" resultMap="BaseResultMap">
     select * from car_city
  </select>


</mapper>